"Message",Low,"Запуск компиляции .NET Native"
"Message",Low,""
"Message",Low,""
"Message",Low,"Задача ""Gatekeeper"""
"Message",Normal,"Идет запуск ""C:\Program Files (x86)\Microsoft SDKs\UWPNuGetPackages\runtime.win10-x64.microsoft.net.native.compiler\2.2.8-rel-28605-00\tools\x64\ilc\ilc.exe --gatekeeper @""C:\Users\User\source\repos\TheUltraAudioCutter\TheUltraAudioCutter\obj\x64\Release\ilc\intermediate\gkargs.rsp""""."
"Message",Low,"�ਢ�⭨� Microsoft (R) .NET Native ���ᨨ 2.2.28605.00 "
"Message",Low,"Copyright (C) Microsoft Corporation.  All rights reserved. "
"Message",Low," "
"Message",Low,"ILCTelemetry: System.ArgumentException: Could not deserialize to TelemetrySession object"
"Message",Low,"��� ��ࠬ���: serializedSession ---> System.Runtime.Serialization.SerializationException: �訡�� ���ਠ����樨 ��ꥪ� ⨯� Microsoft.VisualStudio.Telemetry.TelemetrySessionSettings. �������� ��થ� """""", �� ������ ""I"". ---> System.Xml.XmlException: �������� ��થ� """""", �� ������ ""I""."
"Message",Low,"   � System.Xml.XmlExceptionHelper.ThrowXmlException(XmlDictionaryReader reader, String res, String arg1, String arg2, String arg3)"
"Message",Low,"   � System.Xml.XmlExceptionHelper.ThrowTokenExpected(XmlDictionaryReader reader, String expected, Char found)"
"Message",Low,"   � System.Runtime.Serialization.Json.XmlJsonReader.ReadServerTypeAttribute(Boolean consumedObjectChar)"
"Message",Low,"   � System.Runtime.Serialization.Json.XmlJsonReader.ReadAttributes()"
"Message",Low,"   � System.Runtime.Serialization.Json.XmlJsonReader.ReadNonExistentElementName(StringHandleConstStringType elementName)"
"Message",Low,"   � System.Runtime.Serialization.Json.XmlJsonReader.Read()"
"Message",Low,"   � System.Xml.XmlBaseReader.IsStartElement()"
"Message",Low,"   � System.Xml.XmlBaseReader.IsStartElement(XmlDictionaryString localName, XmlDictionaryString namespaceUri)"
"Message",Low,"   � System.Runtime.Serialization.XmlReaderDelegator.IsStartElement(XmlDictionaryString localname, XmlDictionaryString ns)"
"Message",Low,"   � System.Runtime.Serialization.XmlObjectSerializer.IsRootElement(XmlReaderDelegator reader, DataContract contract, XmlDictionaryString name, XmlDictionaryString ns)"
"Message",Low,"   � System.Runtime.Serialization.Json.DataContractJsonSerializer.InternalIsStartObject(XmlReaderDelegator reader)"
"Message",Low,"   � System.Runtime.Serialization.Json.DataContractJsonSerializer.InternalReadObject(XmlReaderDelegator xmlReader, Boolean verifyObjectName)"
"Message",Low,"   � System.Runtime.Serialization.XmlObjectSerializer.InternalReadObject(XmlReaderDelegator reader, Boolean verifyObjectName, DataContractResolver dataContractResolver)"
"Message",Low,"   � System.Runtime.Serialization.XmlObjectSerializer.ReadObjectHandleExceptions(XmlReaderDelegator reader, Boolean verifyObjectName, DataContractResolver dataContractResolver)"
"Message",Low,"   --- ����� ����஢�� ����७���� �⥪� �᪫�祭�� ---"
"Message",Low,"   � System.Runtime.Serialization.XmlObjectSerializer.ReadObjectHandleExceptions(XmlReaderDelegator reader, Boolean verifyObjectName, DataContractResolver dataContractResolver)"
"Message",Low,"   � System.Runtime.Serialization.Json.DataContractJsonSerializer.ReadObject(XmlDictionaryReader reader)"
"Message",Low,"   � System.Runtime.Serialization.Json.DataContractJsonSerializer.ReadObject(Stream stream)"
"Message",Low,"   � Microsoft.VisualStudio.Telemetry.TelemetrySessionSettings.Deserialize(String settings)"
"Message",Low,"   � Microsoft.VisualStudio.Telemetry.TelemetrySessionSettings.Parse(String serializedSession)"
"Message",Low,"   --- ����� ����஢�� ����७���� �⥪� �᪫�祭�� ---"
"Message",Low,"   � Microsoft.VisualStudio.Telemetry.TelemetrySessionSettings.Parse(String serializedSession)"
"Message",Low,"   � ILCTelemetry.Program.ReadEvents()"
"Message",Low,"   � ILCTelemetry.Program.Main(String[] args)"
"Message",Low,"���� �஢�ઠ ᡮન ""C:\Users\User\source\repos\TheUltraAudioCutter\TheUltraAudioCutter\obj\x64\Release\ilc\in\NAudio.Asio.dll"". "
"Message",Low,"���� �஢�ઠ ᡮન ""C:\Users\User\source\repos\TheUltraAudioCutter\TheUltraAudioCutter\obj\x64\Release\ilc\in\NAudio.Core.dll"". "
"Message",Low,"���� �஢�ઠ ᡮન ""C:\Users\User\source\repos\TheUltraAudioCutter\TheUltraAudioCutter\obj\x64\Release\ilc\in\Plugin.FileIO.dll"". "
"Message",Low,"���� �஢�ઠ ᡮન ""C:\Users\User\source\repos\TheUltraAudioCutter\TheUltraAudioCutter\obj\x64\Release\ilc\in\Plugin.FileIO.Abstractions.dll"". "
"Message",Low,"���� �஢�ઠ ᡮન ""C:\Users\User\source\repos\TheUltraAudioCutter\TheUltraAudioCutter\obj\x64\Release\ilc\in\Plugin.SimpleAudioPlayer.dll"". "
"Message",Low,"���� �஢�ઠ ᡮન ""C:\Users\User\source\repos\TheUltraAudioCutter\TheUltraAudioCutter\obj\x64\Release\ilc\in\Plugin.SimpleAudioPlayer.Abstractions.dll"". "
"Message",Low,"���� �஢�ઠ ᡮન ""C:\Users\User\source\repos\TheUltraAudioCutter\TheUltraAudioCutter\obj\x64\Release\ilc\in\ratchet-waveform.dll"". "
"Message",Low,"���� �஢�ઠ ᡮન ""C:\Users\User\source\repos\TheUltraAudioCutter\TheUltraAudioCutter\obj\x64\Release\ilc\in\TheUltraAudioCutter.exe"". "
"Message",Normal,"Задача ""C:\Program Files (x86)\Microsoft SDKs\UWPNuGetPackages\runtime.win10-x64.microsoft.net.native.compiler\2.2.8-rel-28605-00\tools\x64\ilc\ilc.exe --gatekeeper @""C:\Users\User\source\repos\TheUltraAudioCutter\TheUltraAudioCutter\obj\x64\Release\ilc\intermediate\gkargs.rsp"""" завершена."
"Message",Normal,"Статистика выполнения процессов (все значения в миллисекундах)"
"Message",Normal,"-----------------------------------------------------------------------------"
"Message",Normal,"запустить  |  начать   |   остановить   |   завершить    | длительность | время существования | имя [слот]"
"Message",Normal,"-----------------------------------------------------------------------------"
"Message",Normal,"       0 |        0 |      406 |      406 |      406 |      406 | [0] Gatekeeper"
"Message",Normal,"Число команд:      1"
"Message",Normal,"Общее системное время:       406 мс"
"Message",Normal,"Системное время на команду: 406 мс"
"Message",Normal,"Общая длительность:          406 мс"
"Message",Normal,"Общее время жизни:          406 мс"
"Message",Normal,"Запрошенный DOP:           6"
"Message",Normal,"Длительность DOP:            1,0"
"Message",Normal,"Время жизни DOP:            1,0"
"Message",Low,"Выполнение задачи ""Gatekeeper"" завершено."
"Message",Low,"Сборка целевого объекта ""RunGatekeeper"" в файле ""Preparation"" завершена."
"Message",Low,""
"Message",Low,"Сборка целевого объекта ""CreateToolchainGeneratedAssembly"" в файле ""Preparation"" завершена."
"Message",Low,""
"Message",Low,"Задача ""PreMergeAssemblyClosure"""
"Message",Low,"Выполнение задачи ""PreMergeAssemblyClosure"" завершено."
"Message",Low,"Сборка целевого объекта ""ConstructPreMergeAssemblyClosure"" в файле ""Preparation"" завершена."
"Message",Low,""
"Message",Low,"Задача ""McgReferenceResolveFilePath"""
"Message",Low,"Выполнение задачи ""McgReferenceResolveFilePath"" завершено."
"Message",Low,"Сборка целевого объекта ""PreResolveTransforms"" в файле ""Preparation"" завершена."
"Message",Low,""
"Message",Low,"Задача ""ResolveToolchainRequiredAssemblyRoots"""
"Message",Low,"Выполнение задачи ""ResolveToolchainRequiredAssemblyRoots"" завершено."
"Message",Low,"Задача ""ILTransformAssemblyClosure"""
"Message",Low,"Выполнение задачи ""ILTransformAssemblyClosure"" завершено."
"Message",Low,"Задача ""ResolveToolchainRequiredAssemblyRoots"""
"Message",Low,"Выполнение задачи ""ResolveToolchainRequiredAssemblyRoots"" завершено."
"Message",Low,"Задача ""ReducedCopyAssemblyClosure"""
"Message",Low,"Выполнение задачи ""ReducedCopyAssemblyClosure"" завершено."
"Message",Low,"Сборка целевого объекта ""ConstructILTransformAssemblyClosure"" в файле ""Preparation"" завершена."
"Message",Low,"Сборка проекта ""Preparation"" завершена."
"Message",Low,""
"Message",Low,""
"Message",High,"Обработка кода приложения"
"Message",Low,"Задача ""RunILTransforms"""
"Message",Normal,"Выполняется преобразование ""DumpNativeResources"", размер кучи — 109 МБ."
"Message",Normal,"Выполняется преобразование ""Analysis"", размер кучи — 126 МБ."
"Message",Low,"Идет загрузка модулей (70)..."
"Message",Normal,"Импортированы директивы отражений из нескольких файлов (9):"
"Message",Normal,"C:\Users\User\source\repos\TheUltraAudioCutter\TheUltraAudioCutter\obj\x64\Release\ilc\in\Properties\Default.rd.xml"
"Message",Normal,"Встроенный манифест System.Private.Interop: Resources.System.Private.Interop.rd.xml"
"Message",Normal,"Встроенный манифест System.Private.WinRTInterop.CoreLib: Resources.System.Private.WinRTInterop.CoreLib.rd.xml"
"Message",Normal,"Встроенный манифест System.Runtime.WindowsRuntime.UI.Xaml: Resources.System.Runtime.WindowsRuntime.UI.Xaml.rd.xml"
"Message",Normal,"Встроенный манифест Plugin.FileIO: Plugin.FileIO.Properties.Plugin.FileIO.UWP.rd.xml"
"Message",Normal,"Встроенный манифест Plugin.SimpleAudioPlayer: Plugin.SimpleAudioPlayer.Properties.Plugin.SimpleAudioPlayer.UWP.rd.xml"
"Message",Normal,"Встроенный манифест System.Private.CoreLib: Resources.System.Private.CoreLib.rd.xml"
"Message",Normal,"Встроенный манифест System.Private.Uri: Resources.System.Private.Uri.rd.xml"
"Message",Normal,"Встроенный манифест System.Private.Reflection.Core: System.Private.Reflection.Core.rd.xml"
"Message",Normal,"Импортированы корни XAML из нескольких файлов (1):"
"Message",Normal,"C:\Users\User\source\repos\TheUltraAudioCutter\TheUltraAudioCutter\obj\x64\Release\ilc\in\TheUltraAudioCutter.xr.xml"
"Message",Normal,"Выполняется преобразование ""Mcg"", размер кучи — 173 МБ."
"Message",High,"Идет вычисление закрытия приложения и создание кода взаимодействия"
"Message",High,"  Идет загрузка модулей (70)..."
"Message",Normal,"          Метод P/Invoke ""CoCreateInstance"" разрешен как ""CoCreateInstance!ole32.Dll"" из ""SupportedAPIs.xml""."
"Message",Normal,"          Метод P/Invoke ""LoadLibraryA"" разрешен как ""LoadLibraryA!kernel32.dll"" из ""SupportedAPIs.xml""."
"Message",Normal,"          Метод P/Invoke ""GetProcAddress"" разрешен как ""GetProcAddress!kernel32.dll"" из ""SupportedAPIs.xml""."
"Message",Normal,"          Метод P/Invoke ""FreeLibrary"" разрешен как ""FreeLibrary!kernel32.dll"" из ""SupportedAPIs.xml""."
"Message",Normal,"          P/Invoke ""DirectSoundCreate"" с [DllImport(ExactSpelling=true)] разрешен как ""dsound.dll!DirectSoundCreate""."
"Message",Normal,"          P/Invoke ""DirectSoundEnumerateA"" с [DllImport(ExactSpelling=true)] разрешен как ""dsound.dll!DirectSoundEnumerateA""."
"Warning",,0,0,"      MCG : warning MCG0007: Неразрешенный метод P/Invoke ""user32.dll!GetDesktopWindow"" для метода ""System.IntPtr NAudio.Wave.DirectSoundOut.GetDesktopWindow()"". Вызов этого метода приведет к исключению во время выполнения. Убедитесь, что P/Invoke указывает на API Windows, разрешенный в приложениях UWP, или на библиотеку DLL в машинном коде, которая является частью пакета. Если по какой-то причине P/Invoke не отвечает этим условиям, используйте [DllImport(ExactSpelling=true), чтобы показать, что вы понимаете последствия использования API, не относящихся к UWP."
"Message",Normal,"          P/Invoke ""RhpGetFuncEvalParameterBufferSize"" с [DllImport(ExactSpelling=true)] разрешен как ""[MRT]!RhpGetFuncEvalParameterBufferSize""."
"Message",Normal,"          P/Invoke ""RhpGetFuncEvalMode"" с [DllImport(ExactSpelling=true)] разрешен как ""[MRT]!RhpGetFuncEvalMode""."
"Message",Normal,"          P/Invoke ""RhpRecordDebuggeeInitiatedHandle"" с [DllImport(ExactSpelling=true)] разрешен как ""[MRT]!RhpRecordDebuggeeInitiatedHandle""."
"Message",Normal,"          P/Invoke ""RhpVerifyDebuggerCleanup"" с [DllImport(ExactSpelling=true)] разрешен как ""[MRT]!RhpVerifyDebuggerCleanup""."
"Message",Normal,"          P/Invoke ""RhpGetCurrentThread"" с [DllImport(ExactSpelling=true)] разрешен как ""[MRT]!RhpGetCurrentThread""."
"Message",Normal,"          P/Invoke ""RhWaitForPendingFinalizers"" с [DllImport(ExactSpelling=true)] разрешен как ""[MRT]!RhWaitForPendingFinalizers""."
"Message",Normal,"          P/Invoke ""RhYield"" с [DllImport(ExactSpelling=true)] разрешен как ""[MRT]!RhYield""."
"Message",Normal,"          P/Invoke ""RhFlushProcessWriteBuffers"" с [DllImport(ExactSpelling=true)] разрешен как ""[MRT]!RhFlushProcessWriteBuffers""."
"Message",Normal,"          P/Invoke ""RhCompatibleReentrantWaitAny"" с [DllImport(ExactSpelling=true)] разрешен как ""[MRT]!RhCompatibleReentrantWaitAny""."
"Message",Normal,"          P/Invoke ""RhCallDescrWorker"" с [DllImport(ExactSpelling=true)] разрешен как ""[MRT]!RhCallDescrWorker""."
"Message",Normal,"          P/Invoke ""_ecvt_s"" с [DllImport(ExactSpelling=true)] разрешен как ""[MRT]!_ecvt_s""."
"Message",Normal,"          P/Invoke ""memmove"" с [DllImport(ExactSpelling=true)] разрешен как ""[MRT]!memmove""."
"Message",Normal,"          P/Invoke ""memset"" с [DllImport(ExactSpelling=true)] разрешен как ""[MRT]!memset""."
"Message",Normal,"          P/Invoke ""CallingConventionConverter_GetStubs"" с [DllImport(ExactSpelling=true)] разрешен как ""*!CallingConventionConverter_GetStubs""."
"Message",Normal,"          Метод P/Invoke ""WindowsCreateStringReference"" разрешен как ""WindowsCreateStringReference!api-ms-win-core-winrt-string-l1-1-0.dll"" из ""SupportedAPIs.xml""."
"Message",Normal,"          Метод P/Invoke ""GetLastError"" разрешен как ""GetLastError!api-ms-win-core-errorhandling-l1-1-0.dll"" из ""SupportedAPIs.xml""."
"Message",Normal,"          Метод P/Invoke ""SetLastError"" разрешен как ""SetLastError!api-ms-win-core-errorhandling-l1-1-0.dll"" из ""SupportedAPIs.xml""."
"Message",Normal,"          Метод P/Invoke ""RoInitialize"" разрешен как ""RoInitialize!api-ms-win-core-winrt-l1-1-0.dll"" из ""SupportedAPIs.xml""."
"Message",Normal,"          Метод P/Invoke ""IsValidLocaleName"" разрешен как ""IsValidLocaleName!api-ms-win-core-localization-l1-2-0.dll"" из ""SupportedAPIs.xml""."
"Message",Normal,"          Метод P/Invoke ""ResolveLocaleName"" разрешен как ""ResolveLocaleName!api-ms-win-core-localization-l1-2-0.dll"" из ""SupportedAPIs.xml""."
"Message",Normal,"          Метод P/Invoke ""DeleteFileW"" разрешен как ""DeleteFileW!kernel32.dll"" из ""SupportedAPIs.xml""."
"Message",Normal,"          Метод P/Invoke ""FindNextFileW"" разрешен как ""FindNextFileW!kernel32.dll"" из ""SupportedAPIs.xml""."
"Message",Normal,"          Метод P/Invoke ""GetCPInfoExW"" разрешен как ""GetCPInfoExW!kernel32.dll"" из ""SupportedAPIs.xml""."
"Message",Normal,"          Метод P/Invoke ""RemoveDirectoryW"" разрешен как ""RemoveDirectoryW!kernel32.dll"" из ""SupportedAPIs.xml""."
"Message",Normal,"          Метод P/Invoke ""FindFirstFileExW"" разрешен как ""FindFirstFileExW!kernel32.dll"" из ""SupportedAPIs.xml""."
"Message",Normal,"          Метод P/Invoke ""DeleteVolumeMountPointW"" разрешен как ""DeleteVolumeMountPointW!kernel32.dll"" из ""SupportedAPIs.xml""."
"Message",Normal,"          Метод P/Invoke ""FindClose"" разрешен как ""FindClose!kernel32.dll"" из ""SupportedAPIs.xml""."
"Message",Normal,"          Метод P/Invoke ""SetThreadErrorMode"" разрешен как ""SetThreadErrorMode!kernel32.dll"" из ""SupportedAPIs.xml""."
"Message",Normal,"          Метод P/Invoke ""GetFileAttributesExW"" разрешен как ""GetFileAttributesExW!kernel32.dll"" из ""SupportedAPIs.xml""."
"Message",Normal,"          Метод P/Invoke ""CoCreateInstance"" разрешен как ""CoCreateInstance!api-ms-win-core-com-l1-1-0.dll"" из ""SupportedAPIs.xml""."
"Message",Normal,"          Метод P/Invoke ""RegCloseKey"" разрешен как ""RegCloseKey!advapi32.dll"" из ""SupportedAPIs.xml""."
"Message",Normal,"          Метод P/Invoke ""GetStdHandle"" разрешен как ""GetStdHandle!kernel32.dll"" из ""SupportedAPIs.xml""."
"Message",Normal,"          Метод P/Invoke ""RegEnumKeyExW"" разрешен как ""RegEnumKeyExW!advapi32.dll"" из ""SupportedAPIs.xml""."
"Message",Normal,"          Метод P/Invoke ""SysFreeString"" разрешен как ""SysFreeString!OleAut32"" из ""SupportedAPIs.xml""."
"Message",Normal,"          Метод P/Invoke ""CloseHandle"" разрешен как ""CloseHandle!kernel32.dll"" из ""SupportedAPIs.xml""."
"Message",Normal,"          Метод P/Invoke ""FormatMessageW"" разрешен как ""FormatMessageW!kernel32.dll"" из ""SupportedAPIs.xml""."
"Message",Normal,"          Метод P/Invoke ""WriteFile"" разрешен как ""WriteFile!kernel32.dll"" из ""SupportedAPIs.xml""."
"Message",Normal,"          Метод P/Invoke ""GetFileType"" разрешен как ""GetFileType!kernel32.dll"" из ""SupportedAPIs.xml""."
"Message",Normal,"          Метод P/Invoke ""GetConsoleOutputCP"" разрешен как ""GetConsoleOutputCP!kernel32.dll"" из ""SupportedAPIs.xml""."
"Message",Normal,"          Метод P/Invoke ""RegOpenKeyExW"" разрешен как ""RegOpenKeyExW!advapi32.dll"" из ""SupportedAPIs.xml""."
"Message",Normal,"          Метод P/Invoke ""RegQueryInfoKeyW"" разрешен как ""RegQueryInfoKeyW!advapi32.dll"" из ""SupportedAPIs.xml""."
"Message",Normal,"          Метод P/Invoke ""RegQueryValueExW"" разрешен как ""RegQueryValueExW!advapi32.dll"" из ""SupportedAPIs.xml""."
"Message",Normal,"          Метод P/Invoke ""RegQueryValueExW"" разрешен как ""RegQueryValueExW!advapi32.dll"" из ""SupportedAPIs.xml""."
"Message",Normal,"          Метод P/Invoke ""RegQueryValueExW"" разрешен как ""RegQueryValueExW!advapi32.dll"" из ""SupportedAPIs.xml""."
"Message",Normal,"          Метод P/Invoke ""RegQueryValueExW"" разрешен как ""RegQueryValueExW!advapi32.dll"" из ""SupportedAPIs.xml""."
"Message",Normal,"          Метод P/Invoke ""ReadFile"" разрешен как ""ReadFile!kernel32.dll"" из ""SupportedAPIs.xml""."
"Message",Normal,"          Метод P/Invoke ""ReadConsoleW"" разрешен как ""ReadConsoleW!kernel32.dll"" из ""SupportedAPIs.xml""."
"Message",Normal,"          Метод P/Invoke ""WriteConsoleW"" разрешен как ""WriteConsoleW!kernel32.dll"" из ""SupportedAPIs.xml""."
"Message",Normal,"          Метод P/Invoke ""GetFileInformationByHandleEx"" разрешен как ""GetFileInformationByHandleEx!kernel32.dll"" из ""SupportedAPIs.xml""."
"Message",Normal,"          Метод P/Invoke ""FormatMessageW"" разрешен как ""FormatMessageW!kernel32.dll"" из ""SupportedAPIs.xml""."
"Message",Normal,"          Метод P/Invoke ""RoGetBufferMarshaler"" разрешен как ""RoGetBufferMarshaler!api-ms-win-core-winrt-robuffer-l1-1-0.dll"" из ""SupportedAPIs.xml""."
"Message",Normal,"          Метод P/Invoke ""CreateFile2"" разрешен как ""CreateFile2!kernel32.dll"" из ""SupportedAPIs.xml""."
"Message",Normal,"          Метод P/Invoke ""GetConsoleCP"" разрешен как ""GetConsoleCP!kernel32.dll"" из ""SupportedAPIs.xml""."
"Message",Normal,"          Метод P/Invoke ""WideCharToMultiByte"" разрешен как ""WideCharToMultiByte!kernel32.dll"" из ""SupportedAPIs.xml""."
"Message",Normal,"          Метод P/Invoke ""MultiByteToWideChar"" разрешен как ""MultiByteToWideChar!kernel32.dll"" из ""SupportedAPIs.xml""."
"Message",Normal,"          Метод P/Invoke ""GetCPInfoExW"" разрешен как ""GetCPInfoExW!kernel32.dll"" из ""SupportedAPIs.xml""."
"Message",Normal,"          Метод P/Invoke ""GetConsoleMode"" разрешен как ""GetConsoleMode!kernel32.dll"" из ""SupportedAPIs.xml""."
"Message",Normal,"          Метод P/Invoke ""FormatMessageW"" разрешен как ""FormatMessageW!kernel32.dll"" из ""SupportedAPIs.xml""."
"Message",High,"  Идет создание кода..."
"Message",High,"  Создан код взаимодействия."
"Message",Normal,"  Код записан в AssemblyInfo.g.cs"
"Message",Normal,"  Код записан в Adapters.g.cs"
"Message",Normal,"  Код записан в Data.g.cs"
"Message",Normal,"  Код записан в Helpers.g.cs"
"Message",Normal,"  Код записан в ImplTypes.g.cs"
"Message",Normal,"  Код записан в PInvoke.g.cs"
"Message",Normal,"  Код записан в SafeTypes.g.cs"
"Message",Normal,"  Код записан в SharedStubs.g.cs"
"Message",Normal,"Выполняется преобразование ""GenerateCodeAndCompile"", размер кучи — 213 МБ."
"Message",High,"Идет компиляция кода взаимодействия."
"Message",Normal,"Компиляция созданного исходного кода: C:\Program Files (x86)\Microsoft SDKs\UWPNuGetPackages\microsoft.net.native.compiler\2.2.8-rel-28605-00\tools\csc\csc.exe /noconfig @""C:\Users\User\source\repos\TheUltraAudioCutter\TheUltraAudioCutter\obj\x64\Release\ilc\intermediate\TheUltraAudioCutter.McgInterop.rsp"""
"Message",High,"Идет создания кода прокси-сервера System.Reflection.DispatchProxy."
"Message",Normal,"Выполняется преобразование ""ReducedCopyInitialize"", размер кучи — 213 МБ."
"Message",Normal,"Выполняется преобразование ""ReducedCopyEmptyTypes"", размер кучи — 170 МБ."
"Message",Normal,"Выполняется преобразование ""ReducedCopyPopulateTypes"", размер кучи — 172 МБ."
"Message",Normal,"Выполняется преобразование ""ReducedCopyLateMetadata"", размер кучи — 187 МБ."
"Message",Normal,"Выполняется преобразование ""ReducedCopyPassResourcesToMutableAssembly"", размер кучи — 202 МБ."
"Message",Normal,"Выполняется преобразование ""ReducedCopyMethodBodies"", размер кучи — 203 МБ."
"Message",Normal,"Выполняется преобразование ""ReducedCopyComplete"", размер кучи — 193 МБ."
"Message",Normal,"Выполняется преобразование ""ReducedCopyCleanup"", размер кучи — 230 МБ."
"Message",Normal,"Выполняется преобразование ""DeveloperExperienceModeOnlyCodeRemover"", размер кучи — 230 МБ."
"Message",Normal,"Выполняется преобразование ""ComImportDetector"", размер кучи — 230 МБ."
"Message",Normal,"Выполняется преобразование ""McgAccessor"", размер кучи — 230 МБ."
"Message",Normal,"Выполняется преобразование ""McgRedirect"", размер кучи — 231 МБ."
"Message",Normal,"Выполняется преобразование ""McgRedirect"", размер кучи — 233 МБ."
"Message",Normal,"Выполняется преобразование ""McgTypeOf"", размер кучи — 233 МБ."
"Message",Normal,"Выполняется преобразование ""EventSource"", размер кучи — 237 МБ."
"Message",Normal,"Выполняется преобразование ""ValueType"", размер кучи — 237 МБ."
"Message",Normal,"Выполняется преобразование ""Attribute"", размер кучи — 237 МБ."
"Message",Normal,"Выполняется преобразование ""GetType"", размер кучи — 237 МБ."
"Message",Normal,"Выполняется преобразование ""McgFixups"", размер кучи — 238 МБ."
"Message",Normal,"Выполняется преобразование ""ResourceManagerCtor"", размер кучи — 239 МБ."
"Message",Normal,"Выполняется преобразование ""TypeofTypeHandle"", размер кучи — 239 МБ."
"Message",Normal,"Выполняется преобразование ""DispatchProxyIntrinsics"", размер кучи — 242 МБ."
"Message",Normal,"Выполняется преобразование ""StaticInitData"", размер кучи — 243 МБ."
"Message",Normal,"Выполняется преобразование ""Delegate"", размер кучи — 251 МБ."
"Message",Normal,"Выполняется преобразование ""LazyGenerics"", размер кучи — 252 МБ."
"Message",Normal,"Выполняется преобразование ""AddReflectionBlockedAttributes"", размер кучи — 260 МБ."
"Message",Normal,"Выполняется преобразование ""DisableOptimization"", размер кучи — 261 МБ."
"Message",Normal,"Выполняется преобразование ""ResourceExtractor"", размер кучи — 261 МБ."
"Message",Normal,"Выполняется преобразование ""CreateMetadata"", размер кучи — 261 МБ."
"Message",Normal,"Выполняется преобразование ""StartupCodeInjector"", размер кучи — 277 МБ."
"Message",Normal,"Выполняется преобразование ""SaveRVAStatics"", размер кучи — 277 МБ."
"Message",Normal,"Выполняется преобразование ""ReflectionInvoke"", размер кучи — 278 МБ."
"Message",Normal,"Выполняется преобразование ""ScrubOpenCalls"", размер кучи — 279 МБ."
"Message",Normal,"Выполняется преобразование ""ConvertCatchIntoFilter"", размер кучи — 279 МБ."
"Message",Normal,"Выполняется преобразование ""ReflectionMappingInfoEmit"", размер кучи — 279 МБ."
"Message",Normal,"Выполняется преобразование ""ReflectionIntrinsics"", размер кучи — 280 МБ."
"Message",Normal,"Выполняется преобразование ""ConvertManagedWinMD"", размер кучи — 280 МБ."
"Message",Normal,"Выполняется преобразование ""DebuggerGuidedStepThroughJmc"", размер кучи — 280 МБ."
"Message",Normal,"Выполняется преобразование ""Reducer"", размер кучи — 225 МБ."
"Message",High,"Очистка кода без ссылок"
"Message",Normal,"Выполняется преобразование ""WriteAssemblies"", размер кучи — 274 МБ."
"Message",Normal,""
"Message",Normal,"Сводка преобразования"
"Message",Normal,"    мс | разностный файл кучи | имя"
"Message",Normal,"  3913 |         47 | Analysis"
"Message",Normal,"  1303 |          0 | GenerateCodeAndCompile"
"Message",Normal,"   577 |         40 | Mcg"
"Message",Normal,"   539 |         38 | WriteAssemblies"
"Message",Normal,"   342 |         49 | Reducer"
"Message",Normal,"   235 |         37 | ReducedCopyComplete"
"Message",Normal,"   217 |        -43 | ReducedCopyInitialize"
"Message",Normal,"   141 |        -10 | ReducedCopyMethodBodies"
"Message",Normal,"    97 |         16 | CreateMetadata"
"Message",Normal,"    91 |         15 | ReducedCopyPopulateTypes"
"Message",Normal,"    75 |         15 | ReducedCopyLateMetadata"
"Message",Normal,"    71 |         17 | DumpNativeResources"
"Message",Normal,"    52 |        -55 | DebuggerGuidedStepThroughJmc"
"Message",Normal,"    42 |          8 | LazyGenerics"
"Message",Normal,"    39 |          2 | McgRedirect"
"Message",Normal,"    36 |          4 | McgTypeOf"
"Message",Normal,"    32 |          8 | StaticInitData"
"Message",Normal,"    26 |          3 | TypeofTypeHandle"
"Message",Normal,"    21 |          0 | McgRedirect"
"Message",Normal,"    16 |          1 | SaveRVAStatics"
"Message",Normal,"    11 |          0 | ResourceExtractor"
"Message",Normal,"    10 |          2 | ReducedCopyEmptyTypes"
"Message",Normal,"     8 |          1 | GetType"
"Message",Normal,"     7 |          1 | McgFixups"
"Message",Normal,"     5 |          1 | DispatchProxyIntrinsics"
"Message",Normal,"     4 |          0 | ReflectionIntrinsics"
"Message",Normal,"     4 |          0 | ScrubOpenCalls"
"Message",Normal,"     3 |          1 | Delegate"
"Message",Normal,"     3 |          1 | McgAccessor"
"Message",Normal,"     2 |          1 | ReflectionInvoke"
"Message",Normal,"     2 |          0 | ConvertCatchIntoFilter"
"Message",Normal,"     1 |          1 | AddReflectionBlockedAttributes"
"Message",Normal,"     1 |          0 | Attribute"
"Message",Normal,"     1 |          0 | EventSource"
"Message",Normal,"     1 |          1 | ReflectionMappingInfoEmit"
"Message",Normal,"     1 |          0 | ReducedCopyCleanup"
"Message",Normal,"     0 |          0 | ResourceManagerCtor"
"Message",Normal,"     0 |          0 | DisableOptimization"
"Message",Normal,"     0 |          1 | ReducedCopyPassResourcesToMutableAssembly"
"Message",Normal,"     0 |          0 | StartupCodeInjector"
"Message",Normal,"     0 |          0 | ValueType"
"Message",Normal,"     0 |          0 | ConvertManagedWinMD"
"Message",Normal,"     0 |          0 | ComImportDetector"
"Message",Normal,"     0 |          0 | DeveloperExperienceModeOnlyCodeRemover"
"Message",Low,"Выполнение задачи ""RunILTransforms"" завершено."
"Message",Low,"Сборка целевого объекта ""RunILTransforms"" в файле ""ILTransforms"" завершена."
"Message",Low,"Сборка проекта ""ILTransforms"" завершена."
"Message",Low,""
"Message",Low,""
"Message",Low,"Сборка целевого объекта ""GenerateMDIL"" в файле ""Nutc"" завершена."
"Message",Low,""
"Message",High,"Создание машинного кода"
"Message",Low,"Сборка целевого объекта ""MDILPrepareMultiFile"" в файле ""Nutc"" завершена."
"Message",Low,""
"Message",Low,"Сборка целевого объекта ""SetBinaryForReferences"" в файле ""Nutc"" завершена."
"Message",Low,""
"Message",Low,"Задача ""GenerateMDILGlobalAnalysis"""
"Message",Normal,"Идет запуск ""C:\Program Files (x86)\Microsoft SDKs\UWPNuGetPackages\runtime.win10-x64.microsoft.net.native.compiler\2.2.8-rel-28605-00\tools\x64\ilc\Tools\nutc_driver.exe @""C:\Users\User\source\repos\TheUltraAudioCutter\TheUltraAudioCutter\obj\x64\Release\ilc\intermediate\MDIL\TheUltraAudioCutter.rsp""""."
"Message",Low,"Microsoft (R) MDIL Compiler - Version 2.2.28605.00"
"Message",Low,"Copyright (c) Microsoft Corporation.  All rights reserved."
"Message",Low,"Сканирование входных типов"
"Message",Low,"Сканирование методов: 3347."
"Message",Low,"Сканирование методов: 3802."
"Message",Low,"Сканирование методов: 1819."
"Message",Low,"Сканирование методов: 723."
"Message",Low,"Сканирование методов: 529."
"Message",Low,"Сканирование методов: 194."
"Message",Low,"Сканирование методов: 116."
"Message",Low,"Сканирование методов: 73."
"Message",Low,"Сканирование методов: 70."
"Message",Low,"Сканирование методов: 51."
"Message",Low,"Сканирование методов: 18."
"Message",Low,"Сканирование методов: 10."
"Message",Low,"Сканирование методов: 6."
"Message",Low,"Сканирование методов: 4."
"Message",Low,"Сканирование методов: 2."
"Message",Low,"Сканирование методов: 5."
"Message",Low,"Сканирование методов: 5."
"Message",Low,"Сканирование методов: 3."
"Message",Low,"Сканирование методов: 1."
"Message",Low,"Сканирование методов: 5."
"Message",Low,"Неотложное создание кода"
"Message",Low,"Компиляция методов: 10783."
"Message",Low,"Отложенное создание кода"
"Message",Low,"Вызов управляемого метода Initialize завершился успешно; код завершения: 0 при создании CTL.Статистика метаданных трассировки стека"
"Message",Low,"Количество вызовов методов:   4468"
"Message",Low,"Размер BLOB-объекта метаданных:          173913"
"Message",Low,"Метод RVA — размер карты токенов: 35744"
"Message",Low,"Общий размер в собственном формате:           209657"
"Message",Low,"Успешно создан: ""C:\Users\User\source\repos\TheUltraAudioCutter\TheUltraAudioCutter\obj\x64\Release\ilc\intermediate\MDIL\TheUltraAudioCutter.mdilexe"""
"Message",Low,"Успешно создан: ""C:\Users\User\source\repos\TheUltraAudioCutter\TheUltraAudioCutter\obj\x64\Release\ilc\intermediate\MDIL\TheUltraAudioCutter.mdilpdb"""
"Message",Low,"Компилируется в код MDIL."
"Message",Normal,"Задача ""C:\Program Files (x86)\Microsoft SDKs\UWPNuGetPackages\runtime.win10-x64.microsoft.net.native.compiler\2.2.8-rel-28605-00\tools\x64\ilc\Tools\nutc_driver.exe @""C:\Users\User\source\repos\TheUltraAudioCutter\TheUltraAudioCutter\obj\x64\Release\ilc\intermediate\MDIL\TheUltraAudioCutter.rsp"""" завершена."
"Message",Normal,"Статистика выполнения процессов (все значения в миллисекундах)"
"Message",Normal,"-----------------------------------------------------------------------------"
"Message",Normal,"запустить  |  начать   |   остановить   |   завершить    | длительность | время существования | имя [слот]"
"Message",Normal,"-----------------------------------------------------------------------------"
"Message",Normal,"       0 |        0 |     3766 |     3766 |     3766 |     3766 | [0] Nutc GlobalAnalysis"
"Message",Normal,"Число команд:      1"
"Message",Normal,"Общее системное время:       3766 мс"
"Message",Normal,"Системное время на команду: 3766 мс"
"Message",Normal,"Общая длительность:          3766 мс"
"Message",Normal,"Общее время жизни:          3766 мс"
"Message",Normal,"Запрошенный DOP:           6"
"Message",Normal,"Длительность DOP:            1,0"
"Message",Normal,"Время жизни DOP:            1,0"
"Message",Low,"Выполнение задачи ""GenerateMDILGlobalAnalysis"" завершено."
"Message",Low,"Сборка целевого объекта ""GenerateMDILGlobalAnalysis"" в файле ""Nutc"" завершена."
"Message",Low,""
"Message",Low,"Задача ""rc"""
"Message",Normal,"Идет запуск ""C:\Program Files (x86)\Windows Kits\10\bin\10.0.18362.0\x64\rc.exe /c ""65001"" /r /fo ""C:\Users\User\source\repos\TheUltraAudioCutter\TheUltraAudioCutter\obj\x64\Release\ilc\intermediate\BuildInfo\BuildInfo.res"" ""C:\Users\User\source\repos\TheUltraAudioCutter\TheUltraAudioCutter\obj\x64\Release\ilc\intermediate\BuildInfo\BuildInfo.rc""""."
"Message",Low,"Microsoft (R) Windows (R) Resource Compiler Version 10.0.10011.16384"
"Message",Low,"Copyright (C) Microsoft Corporation.  All rights reserved."
"Message",Normal,"Задача ""C:\Program Files (x86)\Windows Kits\10\bin\10.0.18362.0\x64\rc.exe /c ""65001"" /r /fo ""C:\Users\User\source\repos\TheUltraAudioCutter\TheUltraAudioCutter\obj\x64\Release\ilc\intermediate\BuildInfo\BuildInfo.res"" ""C:\Users\User\source\repos\TheUltraAudioCutter\TheUltraAudioCutter\obj\x64\Release\ilc\intermediate\BuildInfo\BuildInfo.rc"""" завершена."
"Message",Normal,"Статистика выполнения процессов (все значения в миллисекундах)"
"Message",Normal,"-----------------------------------------------------------------------------"
"Message",Normal,"запустить  |  начать   |   остановить   |   завершить    | длительность | время существования | имя [слот]"
"Message",Normal,"-----------------------------------------------------------------------------"
"Message",Normal,"       0 |        0 |       15 |       15 |       15 |       15 | [0] rc"
"Message",Normal,"Число команд:      1"
"Message",Normal,"Общее системное время:       15 мс"
"Message",Normal,"Системное время на команду: 15 мс"
"Message",Normal,"Общая длительность:          15 мс"
"Message",Normal,"Общее время жизни:          15 мс"
"Message",Normal,"Запрошенный DOP:           6"
"Message",Normal,"Длительность DOP:            1,0"
"Message",Normal,"Время жизни DOP:            1,0"
"Message",Low,"Выполнение задачи ""rc"" завершено."
"Message",Low,"Задача ""ResourceBinaryConcatenate"""
"Message",Normal,"Идет объединение ""C:\Users\User\source\repos\TheUltraAudioCutter\TheUltraAudioCutter\obj\x64\Release\ilc\intermediate\Native.res"" с выравниванием ""4""."
"Message",Normal," Добавлено ""C:\Users\User\source\repos\TheUltraAudioCutter\TheUltraAudioCutter\obj\x64\Release\ilc\intermediate\ILTransformed\TheUltraAudioCutter.res"" в смещении 0."
"Message",Normal," Добавлено ""C:\Users\User\source\repos\TheUltraAudioCutter\TheUltraAudioCutter\obj\x64\Release\ilc\intermediate\BuildInfo\BuildInfo.res"" в смещении 1464."
"Message",Low,"Выполнение задачи ""ResourceBinaryConcatenate"" завершено."
"Message",Low,"Сборка целевого объекта ""GenerateBuildInfo"" в файле ""Nutc"" завершена."
"Message",Low,"Сборка проекта ""Nutc"" завершена."
"Message",Low,""
"Message",Low,""
"Message",Low,"Сборка целевого объекта ""MDILBindPrepare"" в файле ""Binder"" завершена."
"Message",Low,""
"Message",High,"Создание исправлений для машинного кода"
"Message",Low,"Задача ""MDILBind"""
"Message",Normal,"Идет запуск ""C:\Program Files (x86)\Microsoft SDKs\UWPNuGetPackages\runtime.win10-x64.microsoft.net.native.compiler\2.2.8-rel-28605-00\tools\x64\ilc\Tools\rhbind.exe @""C:\Users\User\source\repos\TheUltraAudioCutter\TheUltraAudioCutter\obj\x64\Release\ilc\intermediate\rhbindargs.TheUltraAudioCutter.rsp""""."
"Message",Low,"ВЕРСИЯ ОС: основная: 6;  дополнительная: 2"
"Message",Low,"MDIL: C:\Users\User\source\repos\TheUltraAudioCutter\TheUltraAudioCutter\obj\x64\Release\ilc\intermediate\MDIL\TheUltraAudioCutter.mdilexe"
"Message",Low,"MDILPDB: C:\Users\User\source\repos\TheUltraAudioCutter\TheUltraAudioCutter\obj\x64\Release\ilc\intermediate\MDIL\TheUltraAudioCutter.mdilpdb"
"Message",Low,"IL: C:\Users\User\source\repos\TheUltraAudioCutter\TheUltraAudioCutter\obj\x64\Release\ilc\intermediate\MDIL\TheUltraAudioCutter.ilexe"
"Message",Low,"NI: C:\Users\User\source\repos\TheUltraAudioCutter\TheUltraAudioCutter\obj\x64\Release\ilc\intermediate\Native\TheUltraAudioCutter.dll"
"Message",Low,"SHIM: C:\Users\User\source\repos\TheUltraAudioCutter\TheUltraAudioCutter\obj\x64\Release\ilc\intermediate\Native\TheUltraAudioCutter.exe"
"Message",Low,"REDHAWK_RUNTIME_DLL_NAME_A=mrt100_app.dll"
"Message",Low,"pdb: C:\Users\User\source\repos\TheUltraAudioCutter\TheUltraAudioCutter\obj\x64\Release\ilc\intermediate\Native\TheUltraAudioCutter.pdb"
"Message",Low,"Создано: C:\Users\User\source\repos\TheUltraAudioCutter\TheUltraAudioCutter\obj\x64\Release\ilc\intermediate\Native\TheUltraAudioCutter.dll за 0.488 с"
"Message",Normal,"Задача ""C:\Program Files (x86)\Microsoft SDKs\UWPNuGetPackages\runtime.win10-x64.microsoft.net.native.compiler\2.2.8-rel-28605-00\tools\x64\ilc\Tools\rhbind.exe @""C:\Users\User\source\repos\TheUltraAudioCutter\TheUltraAudioCutter\obj\x64\Release\ilc\intermediate\rhbindargs.TheUltraAudioCutter.rsp"""" завершена."
"Message",Normal,"Статистика выполнения процессов (все значения в миллисекундах)"
"Message",Normal,"-----------------------------------------------------------------------------"
"Message",Normal,"запустить  |  начать   |   остановить   |   завершить    | длительность | время существования | имя [слот]"
"Message",Normal,"-----------------------------------------------------------------------------"
"Message",Normal,"       0 |        0 |      500 |      500 |      500 |      500 | [0] rhbind TheUltraAudioCutter"
"Message",Normal,"Число команд:      1"
"Message",Normal,"Общее системное время:       500 мс"
"Message",Normal,"Системное время на команду: 500 мс"
"Message",Normal,"Общая длительность:          500 мс"
"Message",Normal,"Общее время жизни:          500 мс"
"Message",Normal,"Запрошенный DOP:           6"
"Message",Normal,"Длительность DOP:            1,0"
"Message",Normal,"Время жизни DOP:            1,0"
"Message",Low,"Выполнение задачи ""MDILBind"" завершено."
"Message",Low,"Сборка целевого объекта ""MDILBind"" в файле ""Binder"" завершена."
"Message",Low,"Сборка проекта ""Binder"" завершена."
"Message",Low,""
"Message",Low,""
"Message",Low,"Сборка целевого объекта ""CopyNativeExecutablesToOutput"" в файле ""Deployment"" завершена."
"Message",Low,""
"Message",Low,"Задача ""TransformAppxManifest"""
"Message",Low,"Выполнение задачи ""TransformAppxManifest"" завершено."
"Message",Low,"Сборка целевого объекта ""TransformAppxManifestAndAddCrt"" в файле ""Deployment"" завершена."
"Message",Low,""
"Message",Low,"Сборка целевого объекта ""CopyPackageResourceFileInRetailBuild"" в файле ""Deployment"" завершена."
"Message",Low,"Сборка проекта ""Deployment"" завершена."
"Message",Low,"Компиляция выполнена"
